id,program,previous_college,ethnic_description,gender,grad_date,hs_ged,hs_ged_grad_date,date_of_birth,hours_attended,hours_scheduled,attendance_percentage,gpa,default_status
10579,MC-FT 600,N,Hispanic/Latino,M,3/16/2020,High School,6/25/2015,2/5/1997,480.75,600,0.8013,82.5,no
11118,PTF,Y,Black or African American,M,12/15/2021,High School,5/1/2010,12/17/1991,150,150,1,95,no
10644,MC-FT 600,Y,White,M,6/30/2020,High School,1/1/1986,12/7/1967,565,600,0.9417,90.5,no
10560,MC-FT 600,Y,White,M,12/12/2019,High School,6/17/2017,9/23/1999,523.5,600,0.8725,81,no
10509,PTF,Y,Hispanic/Latino,M,6/20/2019,High School,6/29/2008,11/29/1989,142.75,150,0.9517,85,no
10652,MC-FT 600,N,Hispanic/Latino,M,9/16/2020,High School,7/1/2019,10/16/2000,600,600,1,80.5,no
10565,MC-FT 600,Y,Hispanic/Latino,F,12/12/2019,GED,2/1/1994,6/26/1976,593.5,600,0.9892,95.5,no
10649,MC-FT 600,Y,Non-Resident Alien,F,6/30/2020,High School,6/1/2014,1/27/1997,565,600,0.9417,93.5,no
10640,MC-FT 600,N,Black or African American,M,6/30/2020,High School,6/1/2007,5/11/1988,539.5,600,0.8992,80,yes
11106,MC-FT 600,Y,Hispanic/Latino,F,3/23/2022,High School,7/1/2006,8/12/1988,508,600,0.8467,78.5,no
11058,MC-FT 600,Y,Hispanic/Latino,F,3/23/2022,High School,,7/24/1995,526.25,600,0.8771,91,no
10302,PTF,Y,Asian,M,12/20/2017,High School,6/27/2011,4/9/1992,140,150,0.9333,91,no
10497,MC-FT 600,Y,Hispanic/Latino,M,9/13/2019,GED,11/1/2000,11/10/1979,600,600,1,91,no
10998,PTF,Y,Black or African American,M,9/23/2021,High School,6/27/2019,12/26/2000,146,150,0.9733,86,yes
10610,MC-FT 600,Y,Black or African American,M,6/30/2020,High School,1/1/2004,11/11/1984,514.75,600,0.8579,89.5,no
10723,MC-FT 600,Y,Hispanic/Latino,F,12/10/2020,High School,12/1/1998,1/6/1979,592.75,600,0.9879,94,no
10609,MC-FT 600,Y,Hispanic/Latino,M,6/30/2020,High School,8/30/2012,10/15/1992,533.5,600,0.8892,81.5,yes
10625,PTF,Y,Non-Resident Alien,F,3/17/2020,High School,12/1/2012,11/21/1992,133.25,150,0.8883,93,no
10992,PTF,Y,Black or African American,M,9/23/2021,High School,6/11/2015,5/14/1994,143.75,150,0.9583,92,yes
10496,PTF,N,Hispanic/Latino,M,6/20/2019,High School,6/28/2017,8/10/1999,136.5,150,0.91,85,no
11062,MC-FT 600,N,Black or African American,M,3/23/2022,High School,6/22/2000,6/12/1980,493.25,600,0.8221,72,no
10976,MC-FT 600,Y,Black or African American,F,12/14/2021,High School,6/22/2018,11/17/2000,583.25,600,0.9721,96,no
10537,PTF,Y,White,M,9/19/2019,High School,6/1/1990,8/26/1973,150,150,1,95,no
10515,PTF,Y,Black or African American,F,6/20/2019,High School,5/1/1989,11/13/1970,129,150,0.86,86,no
10553,PTF,Y,Black or African American,M,9/19/2019,High School,6/27/2006,6/1/1987,145.75,150,0.9717,87,no
11020,MC-FT 600,N,Race and Ethnicity Unknown,M,12/14/2021,High School,6/24/2016,4/15/1998,530,600,0.8833,83,no
10655,MC-FT 600,Y,White,M,9/16/2020,High School,5/1/2015,9/10/1996,580.75,600,0.9679,95.5,no
10489,MC-FT 600,N,Asian,M,9/13/2019,GED,6/1/2014,6/26/1996,508.75,600,0.8479,74.5,yes
10766,PTF,Y,Non-Resident Alien,F,12/16/2020,High School,6/23/2000,5/3/1983,150,150,1,94,no
10436,PTF,Y,Black or African American,M,12/19/2018,High School,6/1/2008,12/6/1989,134,149,0.8993,86,yes
10387,PTF,Y,Hispanic/Latino,M,9/20/2018,High School,6/1/2006,9/20/1987,132.5,150,0.8833,89,no
10928,MC-FT 600,Y,White,F,9/15/2021,High School,7/29/2005,5/20/1987,556.75,600,0.9279,91.5,no
10566,PTF,Y,Black or African American,M,9/19/2019,GED,2/4/2013,10/2/1994,142.75,150,0.9517,82,no
11068,MC-FT 600,N,White,M,3/23/2022,High School,,7/4/1996,541.75,600,0.9029,90,no
10589,MC-FT 600,Y,White,M,3/12/2020,High School,6/1/1988,6/1/1970,571.75,600,0.9529,96.5,no
10586,MC-FT 600,N,Black or African American,M,3/16/2020,High School,6/24/2019,2/26/2001,481.75,600,0.8029,70,yes
10580,MC-FT 600,Y,White,F,3/12/2020,High School,6/1/2006,11/1/1987,570,600,0.95,97.5,no
11096,MC-FT 600,Y,White,F,3/23/2022,High School,5/24/2020,2/15/2002,532.25,600,0.8871,83,no
10536,MC-FT 600,Y,Hispanic/Latino,F,12/12/2019,High School,6/26/2014,2/27/1996,540.25,600,0.9004,90,no
10862,PTF,Y,Hispanic/Latino,F,6/24/2021,High School,6/1/2013,3/25/1995,150,150,1,97,no
10638,MC-FT 600,Y,Hispanic/Latino,M,6/30/2020,GED,7/1/2000,10/1/1971,519.5,600,0.8658,76.5,no
10611,MC-FT 600,Y,Hispanic/Latino,M,6/30/2020,High School,6/1/2006,7/20/1986,550,600,0.9167,85.5,yes
10755,PTF,Y,Hispanic/Latino,F,12/16/2020,High School,6/16/1995,12/12/1975,150,150,1,95,yes
10658,MC-FT 600,Y,Hispanic/Latino,M,9/16/2020,High School,1/31/2016,10/1/1995,599.75,600,0.9996,96,no
10710,MC-FT 600,N,Two or more races,F,12/10/2020,GED,8/16/2014,4/25/1995,568.25,600,0.9471,84.5,no
10514,PTF,Y,Black or African American,F,6/20/2019,GED,5/19/2011,12/10/1975,150,150,1,93,no
10441,MC-FT 600,Y,Non-Resident Alien,F,6/12/2019,High School,7/1/2005,5/22/1987,591,600,0.985,95.5,no
10441,MC-FT 600,Y,Non-Resident Alien,F,6/12/2019,College,,5/22/1987,591,600,0.985,95.5,no
10588,MC-FT 600,Y,White,M,3/12/2020,High School,6/23/2017,3/9/1999,548.75,600,0.9146,95,no
10912,PTF,Y,Hispanic/Latino,M,6/24/2021,High School,6/7/1998,11/23/1980,137.25,150,0.915,99,no
10996,PTF,Y,Asian,F,9/22/2021,High School,6/1/2016,6/22/1998,143.25,150,0.955,92,no
10529,MC-FT 600,Y,White,M,12/12/2019,High School,6/4/2010,6/17/1992,533.75,600,0.8896,89.5,no
10435,PTF,Y,White,F,12/19/2018,High School,,2/4/1991,127.75,149,0.8574,97,no
10661,MC-FT 600,Y,Black or African American,M,9/16/2020,High School,6/10/2008,9/13/1990,499.5,600,0.8325,83,no
10713,MC-FT 600,N,Black or African American,M,12/10/2020,GED,1/1/1980,11/5/1962,482.25,600,0.8038,79.5,yes
10968,MC-FT 600,Y,Black or African American,M,12/14/2021,High School,6/26/2019,11/19/2000,581.25,600,0.9688,92,no
10896,MC-FT 600,N,Black or African American,M,9/15/2021,High School,6/4/1986,12/2/1967,547.5,600,0.9125,88.5,no
10852,PTF,N,Black or African American,M,3/29/2021,High School,6/1/2018,8/8/2000,128.75,150,0.8583,71,yes
10650,PTF,Y,Hispanic/Latino,M,3/17/2020,High School,6/1/2011,4/22/1993,134.5,150,0.8967,91,no
10403,PTF,Y,Race and Ethnicity Unknown,F,9/20/2018,High School,12/20/1998,12/7/1980,144,150,0.96,95,no
10660,MC-FT 600,Y,Hispanic/Latino,M,12/10/2020,High School,6/1/1993,9/9/1975,600,600,1,62.67,no
10734,PTF,Y,Black or African American,M,12/16/2020,High School,5/1/2013,8/23/1995,146.25,150,0.975,96,no
10482,MC-FT 600,Y,Asian,M,9/13/2019,High School,6/1/2013,9/21/1995,560.75,600,0.9346,96,no
10533,MC-FT 600,Y,Asian,M,12/12/2019,High School,6/20/2013,10/10/1993,567.5,600,0.9458,90,no
10532,MC-FT 600,Y,Black or African American,F,12/12/2019,GED,8/28/2008,5/13/1986,486.5,600,0.8108,75.5,yes
10932,PTF,Y,White,M,6/24/2021,High School,5/1/2013,1/17/1995,146.5,150,0.9767,92,no
10349,PTF,Y,Hispanic/Latino,M,7/11/2018,High School,6/25/2002,1/21/1981,129,150,0.86,82,yes
11094,MC-FT 600,Y,Non-Resident Alien,F,3/23/2022,High School,5/1/2016,4/23/1998,579.75,600,0.9663,97,no
10485,MC-FT 600,Y,Hispanic/Latino,M,9/13/2019,GED,5/1/2006,2/16/1988,596.5,600,0.9942,94.5,no
10505,PTF,Y,Two or more races,M,6/20/2019,High School,2/1/2001,6/19/1982,120,150,0.8,82,no
10551,PTF,Y,Asian,F,9/19/2019,High School,6/1/1978,5/28/1960,146,150,0.9733,91,no
10612,MC-FT 600,Y,Asian,M,6/30/2020,High School,11/1/2012,4/19/1994,580.75,600,0.9679,93,no
10902,MC-FT 600,Y,Asian,M,9/15/2021,High School,6/24/2015,1/6/1997,530,600,0.8833,83.5,no
11074,MC-FT 600,Y,Asian,M,3/23/2022,High School,6/24/2019,9/22/2001,538.75,600,0.8979,90.5,no
10473,PTF,Y,Hispanic/Latino,F,3/26/2019,High School,6/1/2014,5/22/1996,144,150,0.96,83,no
10880,MC-FT 600,Y,Asian,F,9/15/2021,High School,6/1/2008,6/8/1990,599.75,600,0.9996,99,no
10449,MC-FT 600,Y,Black or African American,M,6/12/2019,GED,8/26/2008,5/7/1986,527.5,600,0.8792,94,no
10518,MC-FT 600,Y,White,F,12/12/2019,High School,6/20/2016,5/23/1998,579,600,0.965,98,no
10832,MC-FT 600,Y,Black or African American,M,6/15/2021,High School,6/1/2016,11/25/1998,510.25,600,0.8504,76,yes
10653,MC-FT 600,Y,Hispanic/Latino,M,9/16/2020,High School,8/11/1987,3/26/1969,594.75,600,0.9913,74,yes
10754,PTF,Y,White,M,12/16/2020,High School,6/1/1997,5/27/1979,150,150,1,96,yes
10626,PTF,Y,Non-Resident Alien,M,3/17/2020,High School,6/1/1991,5/15/1974,139.25,150,0.9283,94,no
10702,PTF,Y,Black or African American,M,9/17/2020,High School,6/25/2008,12/23/1990,150,150,1,94,no
10372,PTF,N,Black or African American,M,6/21/2018,High School,6/26/2008,2/28/1990,131.5,150,0.8767,87,yes
10541,MC-FT 600,Y,Hispanic/Latino,M,12/12/2019,High School,6/21/2012,6/24/1993,535.5,600,0.8925,88.5,no
10680,PTF,Y,White,F,7/2/2020,High School,6/1/2010,3/16/1992,149.5,150,0.9967,99,no
10940,PTF,Y,Black or African American,M,6/24/2021,High School,6/1/2006,3/12/1989,146.25,150,0.975,89,yes
10759,PTF,N,Black or African American,M,12/16/2020,GED,11/1/2015,3/16/1988,135,150,0.9,82,yes
10444,MC-FT 600,Y,Black or African American,M,6/12/2019,High School,6/7/2008,6/26/1990,543.25,600,0.9054,92.5,no
10706,MC-FT 600,Y,Hispanic/Latino,M,12/10/2020,College,5/1/1996,5/12/1978,575.5,600,0.9592,85.5,no
10512,MC-FT 600,Y,Black or African American,M,9/13/2019,High School,6/1/2017,2/3/1999,527.25,600,0.8788,85,yes
11110,PTF,N,Asian,M,12/15/2021,High School,6/25/2016,11/9/1998,146.25,150,0.975,95,no
10654,MC-FT 600,Y,Hispanic/Latino,M,9/16/2020,GED,11/1/2002,9/23/1983,598.75,600,0.9979,95,no
10651,PTF,Y,White,F,3/17/2020,High School,6/20/2008,12/4/1990,120,150,0.8,92,no
10469,MC-FT 600,N,White,M,6/12/2019,High School,6/20/2014,1/21/1996,505.75,600,0.8429,86.5,no
10463,PTF,Y,Two or more races,F,3/26/2019,High School,6/1/2013,9/18/1995,150,150,1,95,no
10637,MC-FT 600,Y,Hispanic/Latino,M,6/30/2020,High School,6/6/2006,1/24/1988,515.5,600,0.8592,79.5,no
10878,PTF,Y,Hispanic/Latino,M,6/24/2021,High School,6/1/1984,1/28/1966,149.5,150,0.9967,94,no
10595,MC-FT 600,Y,Hispanic/Latino,M,3/12/2020,High School,6/1/2011,11/29/1992,577.5,600,0.9625,87.5,no
10614,MC-FT 600,N,Hispanic/Latino,F,6/30/2020,GED,1/1/2019,3/13/2000,536,600,0.8933,88.5,yes
10806,PTF,Y,Black or African American,M,3/29/2021,High School,6/1/2007,5/17/1987,144.75,150,0.965,97,no
10665,MC-FT 600,Y,White,M,9/16/2020,High School,6/1/2016,4/24/1998,520.25,600,0.8671,87,no
10950,PTF,Y,White,F,6/24/2021,High School,6/1/2003,11/10/1984,150,150,1,98,no
10554,PTF,Y,White,M,9/19/2019,High School,6/1/1981,11/1/1962,138.75,150,0.925,87,no
11150,PTF,N,Hispanic/Latino,M,4/7/2022,High School,6/1/2019,4/20/1999,133.75,150,0.8917,80,no
10834,MC-FT 600,Y,White,M,6/15/2021,High School,8/1/2011,7/16/1993,582,600,0.97,94,no
10994,PTF,Y,Black or African American,M,9/23/2021,High School,6/6/1987,4/22/1969,134.5,150,0.8967,80,no
10326,PTF,Y,Black or African American,M,3/27/2018,High School,6/1/1998,12/17/1980,140.75,150,0.9383,93,yes
10552,PTF,Y,Black or African American,M,9/19/2019,High School,9/1/2008,2/1/1989,148,150,0.9867,79,no
10476,PTF,Y,Hispanic/Latino,M,3/26/2019,High School,3/1/2014,9/7/1995,121.25,150,0.8083,85,yes
10962,MC-FT 600,Y,American Indian or Alaska Native,F,12/14/2021,High School,6/1/2012,1/26/1994,556.5,600,0.9275,83,no
10924,PTF,Y,Hispanic/Latino,M,6/24/2021,High School,12/1/2017,6/20/2000,149.75,150,0.9983,93,no
10348,PTF,Y,Race and Ethnicity Unknown,M,6/21/2018,High School,6/1/1984,6/6/1966,150,150,1,94,no
10681,PTF,N,Non-Resident Alien,F,7/2/2020,High School,8/1/2009,10/3/1990,144,150,0.96,91,no
11164,PTF,Y,Black or African American,F,4/7/2022,GED,1/1/1994,12/2/1975,146.25,150,0.975,93,no
10659,MC-FT 600,N,Black or African American,M,9/16/2020,High School,9/1/2014,3/30/1994,596,600,0.9933,83.5,no
10375,PTF,Y,White,F,6/21/2018,High School,6/1/2013,12/12/1995,138.5,150,0.9233,95,no
10615,MC-FT 600,Y,White,M,6/30/2020,High School,6/1/2001,8/21/1983,590.75,600,0.9846,97,no
10780,MC-FT 600,Y,Two or more races,F,6/15/2021,High School,6/1/2011,11/24/1993,599.25,600,0.9988,98.5,no
11060,MC-FT 600,Y,Hispanic/Latino,F,3/23/2022,High School,,4/25/2002,536.25,600,0.8938,82.5,no
10507,PTF,N,Hispanic/Latino,M,6/20/2019,GED,10/8/2016,11/5/1986,144,150,0.96,79,no
11108,MC-FT 600,Y,White,F,3/23/2022,High School,6/1/2011,5/3/1988,600,600,1,98.5,no
10725,PTF,Y,Black or African American,M,9/17/2020,High School,6/21/2018,9/14/1999,129,150,0.86,81,yes
10568,PTF,Y,Hispanic/Latino,F,9/19/2019,GED,12/19/2002,3/17/1981,138.5,150,0.9233,86,no
10672,MC-FT 600,Y,Hispanic/Latino,M,9/16/2020,High School,2/10/2016,9/15/1996,495.25,600,0.8254,80.5,yes
10844,PTF,Y,Hispanic/Latino,F,3/29/2021,High School,1/1/1993,11/20/1975,179,180,0.9944,47,no
10747,PTF,Y,Non-Resident Alien,F,12/16/2020,High School,6/1/2007,11/28/1990,145,150,0.9667,90,no
10752,MC-FT 600,N,Non-Resident Alien,M,3/17/2021,High School,12/1/2010,1/25/1988,593,600,0.9883,85,no
10646,MC-FT 600,Y,Two or more races,M,6/30/2020,High School,6/1/2014,7/14/1995,557.75,600,0.9296,89.5,no
10472,PTF,Y,White,M,3/26/2019,High School,6/1/2009,6/29/1991,149.5,150,0.9967,90,no
10746,MC-FT 600,Y,White,M,3/17/2021,High School,8/14/2007,8/28/1987,600,600,1,97,no
10451,PTF,Y,Hispanic/Latino,F,3/26/2019,High School,6/1/2011,3/23/1993,150,150,1,95,no
10628,PTF,Y,White,F,3/17/2020,High School,6/1/2009,10/22/1988,136.5,150,0.91,89,no
10573,MC-FT 600,Y,White,F,3/12/2020,High School,6/1/2015,6/26/1997,574.25,600,0.9571,98,no
10727,MC-FT 600,N,Hispanic/Latino,M,3/17/2021,High School,6/26/2020,11/27/2000,583,600,0.9717,88.5,no
10694,PTF,N,White,F,9/17/2020,High School,12/22/2013,2/17/1986,140.5,150,0.9367,74,no
10784,MC-FT 600,Y,Hispanic/Latino,M,6/15/2021,High School,6/1/2008,9/17/1989,554.25,600,0.9238,92.5,no
10520,MC-FT 600,Y,Non-Resident Alien,F,12/12/2019,High School,1/1/2005,7/17/1984,575.25,600,0.9588,94,no
10630,PTF,Y,American Indian or Alaska Native,M,3/17/2020,GED,6/26/1974,2/27/1956,133,150,0.8867,89,no
11052,MC-FT 600,N,White,F,3/23/2022,High School,6/3/2021,11/6/2002,551.25,600,0.9188,93,no
11188,PTF,Y,Black or African American,F,4/7/2022,High School,6/1/2013,6/9/1995,144,150,0.96,92,no
10352,PTF,Y,White,M,6/21/2018,High School,7/2/2002,6/4/1983,146.25,150,0.975,97,no
11026,MC-FT 600,N,White,M,12/14/2021,High School,6/18/2021,6/22/2003,562.25,600,0.9371,87,no
10585,MC-FT 600,Y,Hispanic/Latino,M,3/12/2020,High School,6/26/2002,7/23/1981,482,600,0.8033,88,no
10733,PTF,Y,Hispanic/Latino,F,3/29/2021,GED,7/1/1991,5/21/1966,147.75,164,0.9009,43.5,no
10974,MC-FT 600,Y,Hispanic/Latino,M,12/14/2021,GED,5/1/2015,11/25/1980,552.75,600,0.9213,93.5,no
10495,PTF,Y,Hispanic/Latino,M,6/20/2019,High School,6/1/2013,4/24/1995,140.75,150,0.9383,87,no
10593,MC-FT 600,Y,Hispanic/Latino,F,3/12/2020,High School,6/1/2010,9/22/1990,544,600,0.9067,79,no
10936,MC-FT 600,N,Black or African American,M,9/15/2021,High School,6/24/2010,8/6/1992,583.5,600,0.9725,93.5,no
10465,PTF,Y,White,F,3/26/2019,High School,5/20/2015,1/18/1997,132,150,0.88,88,no
10513,MC-FT 600,Y,Race and Ethnicity Unknown,M,9/13/2019,GED,8/16/2017,1/22/2000,483.75,600,0.8063,81,no
10677,PTF,N,Black or African American,F,7/2/2020,High School,6/22/2012,9/2/1992,146.25,150,0.975,79,no
10570,MC-FT 600,Y,Black or African American,M,3/11/2020,GED,2/1/2006,8/16/1978,550.75,600,0.9179,84.5,no
10525,MC-FT 600,Y,Hispanic/Latino,M,3/12/2020,GED,12/4/2012,12/14/1982,578.75,600,0.9646,86.5,no
10761,MC-FT 600,Y,Hispanic/Latino,M,3/17/2021,High School,6/1/2013,6/3/1994,594,600,0.99,92.5,no
11032,PTF,Y,Hispanic/Latino,F,9/23/2021,High School,6/1/1995,1/30/1975,149.75,150,0.9983,90,no
11194,PTF,Y,Black or African American,M,4/7/2022,GED,2/1/1991,6/21/1973,147.25,150,0.9817,83,no
10330,PTF,N,Race and Ethnicity Unknown,F,3/27/2018,High School,6/26/2014,8/12/1996,134.75,150,0.8983,94,no
10546,MC-FT 600,Y,White,F,12/12/2019,High School,5/28/2011,3/7/1993,525,600,0.875,95.5,no
10888,PTF,N,White,F,6/24/2021,High School,6/1/2006,1/21/1988,143,150,0.9533,90,yes
10459,MC-FT 600,N,Black or African American,M,6/12/2019,High School,9/1/2004,11/19/1985,577.75,600,0.9629,90,no
10483,PTF,Y,American Indian or Alaska Native,F,6/20/2019,High School,6/1/1997,10/24/1979,130.75,150,0.8717,87,no
10946,PTF,Y,White,F,6/24/2021,High School,5/28/2015,10/4/1996,140.75,150,0.9383,91,no
10794,PTF,Y,Asian,F,3/29/2021,High School,6/1/2008,2/14/1990,150,150,1,93,no
10373,PTF,Y,Asian,M,6/21/2018,High School,7/1/1995,10/21/1995,133.5,150,0.89,85,no
10948,MC-FT 600,Y,Hispanic/Latino,F,9/15/2021,High School,6/1/1985,7/11/1967,594,600,0.99,92,no
11162,PTF,Y,Race and Ethnicity Unknown,F,4/7/2022,High School,6/5/2018,8/2/1999,130.5,150,0.87,88,no
10872,MC-FT 600,Y,Hispanic/Latino,M,9/15/2021,GED,11/15/2013,10/2/1994,526.5,600,0.8775,83.5,yes
10548,MC-FT 600,Y,White,M,12/12/2019,High School,6/7/2008,6/21/1989,556.75,600,0.9279,85,no
10487,MC-FT 600,N,White,F,9/13/2019,High School,12/1/2009,4/12/1989,567.5,600,0.9458,94.5,no
10504,PTF,Y,Black or African American,M,6/20/2019,High School,6/1/2013,11/24/1995,150,150,1,96,no
11008,PTF,Y,Black or African American,M,9/23/2021,High School,6/1/1990,4/7/1970,149,150,0.9933,84,no
10721,MC-FT 600,Y,White,M,12/10/2020,High School,6/1/2019,3/9/2001,589.75,600,0.9829,88.5,no
10715,MC-FT 600,N,Black or African American,F,12/10/2020,High School,6/1/2017,7/22/1999,547,600,0.9117,78,no
10798,PTF,Y,White,F,3/29/2021,High School,6/9/2007,10/11/1989,150,150,1,99,no
10486,MC-FT 600,Y,Hispanic/Latino,M,9/13/2019,High School,12/1/2004,9/1/1985,582,600,0.97,92,no
11086,MC-FT 600,Y,Race and Ethnicity Unknown,F,3/23/2022,High School,6/1/1993,4/14/1975,581.75,600,0.9696,95,no
11048,MC-FT 600,N,Black or African American,M,3/23/2022,High School,6/26/2009,7/20/1989,530.75,600,0.8846,84,no
10531,PTF,Y,Black or African American,M,9/19/2019,High School,6/1/2010,12/7/1991,142.25,150,0.9483,96,no
10636,MC-FT 600,Y,Hispanic/Latino,M,6/30/2020,High School,7/1/2015,9/9/1996,543.75,600,0.9063,80,no
10358,PTF,Y,Asian,F,6/21/2018,High School,5/1/2014,1/31/1996,137.5,150,0.9167,91,no
10397,PTF,N,Race and Ethnicity Unknown,M,9/20/2018,GED,10/29/2004,1/23/1985,127.5,150,0.85,86,yes
10339,PTF,Y,Hispanic/Latino,F,3/27/2018,High School,6/1/2000,2/18/1982,150,150,1,95,no
10584,MC-FT 600,Y,Black or African American,F,3/13/2020,High School,5/25/2012,3/19/1995,572.25,600,0.9538,92,yes
10567,MC-FT 600,Y,Black or African American,M,12/12/2019,High School,6/1/2007,4/8/1989,480.5,600,0.8008,81.5,no
10876,PTF,Y,Black or African American,F,6/23/2021,High School,6/1/2011,2/27/1993,147,150,0.98,98,no
10748,MC-FT 600,Y,Hispanic/Latino,F,3/17/2021,High School,6/1/2014,5/7/1996,504.75,600,0.8413,76.5,no
10539,PTF,N,Black or African American,M,9/19/2019,High School,6/21/2017,5/22/1998,150,150,1,92,no
11166,PTF,Y,Black or African American,M,4/7/2022,High School,6/20/2018,1/27/2001,144.75,150,0.965,87,no
10572,MC-FT 600,Y,Hispanic/Latino,M,3/12/2020,High School,6/1/2018,5/25/2000,495,600,0.825,85.5,no
10934,PTF,Y,White,M,6/24/2021,High School,5/1/2011,11/15/1992,143,150,0.9533,97,no
10445,MC-FT 600,Y,Hispanic/Latino,F,6/12/2019,High School,6/26/2008,7/21/1990,518.25,600,0.8638,93.5,no
10986,MC-FT 600,Y,White,M,12/14/2021,High School,6/16/2016,12/28/1997,574,600,0.9567,88.5,no
10501,MC-FT 600,Y,Black or African American,M,9/13/2019,High School,6/1/2011,2/10/1993,581.25,600,0.9688,91,yes
10617,MC-FT 600,Y,White,M,6/30/2020,High School,5/1/2012,11/2/1995,570,600,0.95,97,no
10478,MC-FT 600,Y,Black or African American,F,9/13/2019,High School,6/1/2007,7/7/1988,576.25,600,0.9604,96,no
10826,PTF,Y,Black or African American,F,3/29/2021,High School,6/1/1987,2/10/1969,142,150,0.9467,83,yes
10599,PTF,Y,Black or African American,M,12/18/2019,High School,6/20/2013,10/2/1995,142.5,150,0.95,91,yes
11190,PTF,Y,White,M,4/7/2022,High School,6/1/2010,10/29/1991,145.25,150,0.9683,88,no
10603,PTF,N,White,M,12/18/2019,High School,6/1/2016,8/20/1998,143,150,0.9533,96,no
10480,MC-FT 600,Y,White,F,9/13/2019,High School,6/1/2012,8/10/1994,557.5,600,0.9292,97,no
10635,PTF,Y,White,M,3/17/2020,High School,6/28/1990,2/4/1972,135.75,150,0.905,95,no
10758,MC-FT 600,Y,White,F,3/17/2021,High School,6/30/1992,5/8/1974,576.25,600,0.9604,93.5,yes
10543,PTF,Y,White,F,9/19/2019,High School,6/1/2012,4/10/1990,150,150,1,87,no
11192,PTF,Y,Black or African American,M,4/7/2022,High School,5/29/2007,12/23/1987,150,150,1,93,no
10842,MC-FT 600,Y,Hispanic/Latino,M,6/15/2021,High School,6/1/2011,5/8/1990,569,600,0.9483,83,yes
10503,MC-FT 600,Y,Hispanic/Latino,M,9/13/2019,High School,6/1/2001,6/11/1984,566,600,0.9433,92.5,no
10757,PTF,N,Black or African American,M,12/16/2020,GED,9/1/2015,12/23/1996,131.75,150,0.8783,80,yes
10500,MC-FT 600,Y,White,F,9/13/2019,High School,6/1/1972,11/24/1954,578.75,600,0.9646,96.5,no
10898,MC-FT 600,N,Black or African American,M,9/15/2021,High School,6/25/2020,11/7/2002,480.75,600,0.8013,82,no
10538,MC-FT 600,Y,Asian,M,12/12/2019,High School,8/31/2009,4/22/1991,509,600,0.8483,89,no
11100,PTF,Y,Asian,M,12/15/2021,High School,6/1/2018,11/16/1989,146.25,150,0.975,98,no
10679,PTF,Y,Asian,M,7/2/2020,High School,1/1/2010,6/26/1992,144.75,150,0.965,94,no
10769,PTF,N,Race and Ethnicity Unknown,M,12/16/2020,GED,4/1/1993,2/27/1975,150,150,1,92,no
10606,PTF,N,Hispanic/Latino,M,12/18/2019,High School,6/1/2015,10/9/1996,141.25,150,0.9417,82,no
10417,PTF,N,Hispanic/Latino,M,12/19/2018,GED,8/16/2018,4/11/1982,149,149,1,91,no
10647,MC-FT 600,N,Hispanic/Latino,M,6/30/2020,High School,6/1/2018,1/19/1999,495.5,600,0.8258,75,yes
10770,PTF,Y,Hispanic/Latino,F,12/16/2020,High School,6/25/2013,1/7/1995,144.75,150,0.965,94,no
10767,MC-FT 600,Y,Race and Ethnicity Unknown,F,3/17/2021,High School,6/1/1992,6/16/1974,595.5,600,0.9925,88,yes
10916,MC-FT 600,Y,Black or African American,M,9/15/2021,High School,6/24/2019,3/29/2001,540.5,600,0.9008,72,no
10776,MC-FT 600,Y,Race and Ethnicity Unknown,F,6/15/2021,High School,6/1/1998,8/15/1981,566.75,600,0.9446,93,no
10667,MC-FT 600,N,Two or more races,F,9/16/2020,High School,2/3/1997,5/29/1978,599.5,600,0.9992,95,no
10631,PTF,Y,Black or African American,M,3/17/2020,High School,6/1/2009,12/21/1990,136.5,150,0.91,92,no
10749,MC-FT 600,Y,Black or African American,M,3/17/2021,High School,6/23/2001,11/27/1983,588,600,0.98,98,no
10598,PTF,Y,White,M,12/18/2019,High School,6/1/1977,5/5/1959,139.5,150,0.93,88,no
11070,MC-FT 600,N,Hispanic/Latino,M,3/23/2022,GED,3/1/2011,4/6/1990,593.25,600,0.9888,92,no
10601,MC-FT 600,Y,White,F,3/12/2020,High School,1/26/2009,7/1/1988,506.25,600,0.8438,92,no
11016,PTF,Y,White,M,9/23/2021,High School,6/1/2011,2/25/1993,135.75,150,0.905,91,no
10471,PTF,Y,White,F,3/26/2019,High School,5/1/2013,5/31/1995,141.25,150,0.9417,84,no
10618,MC-FT 600,Y,Hispanic/Latino,M,6/30/2020,High School,6/1/2018,1/27/1999,511.5,600,0.8525,82,no
10596,MC-FT 600,Y,White,F,3/12/2020,GED,11/1/2017,9/21/1999,527.25,600,0.8788,90,no
10490,MC-FT 600,Y,White,M,9/13/2019,GED,10/1/2004,8/23/1986,574.5,600,0.9575,89.5,no
10756,MC-FT 600,Y,Non-Resident Alien,F,3/17/2021,High School,6/1/2001,3/17/1982,599.75,600,0.9996,97.5,no
10544,MC-FT 600,Y,Hispanic/Latino,M,12/12/2019,High School,6/24/2010,9/18/1992,487.25,600,0.8121,83,yes
10707,MC-FT 600,Y,Two or more races,M,12/10/2020,High School,6/1/2005,2/2/1987,593.75,600,0.9896,97.5,no
10510,MC-FT 600,N,Black or African American,M,9/13/2019,High School,6/28/2018,8/7/1999,562.75,600,0.9379,85,no
10732,PTF,Y,White,M,3/29/2021,High School,6/1/1991,1/4/1973,150,150,1,95,no
10846,MC-FT 600,N,Black or African American,F,6/15/2021,High School,6/1/2010,5/14/1991,568.25,600,0.9471,92.5,yes
10866,PTF,Y,White,M,6/24/2021,High School,6/1/2019,8/10/2001,150,150,1,96,no
10728,PTF,Y,Black or African American,M,12/16/2020,High School,6/1/2011,6/30/1993,150,150,1,96,yes
10574,MC-FT 600,Y,Black or African American,M,3/12/2020,High School,1/31/2017,6/22/1997,527.25,600,0.8788,73.5,no
10619,MC-FT 600,Y,Hispanic/Latino,M,6/30/2020,High School,6/1/2010,10/23/1992,557.75,600,0.9296,92,no
10460,MC-FT 600,Y,Hispanic/Latino,M,6/12/2019,High School,12/1/1990,4/30/1973,501.75,600,0.8363,88,no
10970,MC-FT 600,N,Hispanic/Latino,M,12/14/2021,High School,2/1/2018,11/18/1998,591.5,600,0.9858,87.5,no
11104,PTF,Y,Asian,M,12/15/2021,High School,6/1/2003,8/21/1985,149.75,150,0.9983,93,yes
10966,MC-FT 600,Y,White,M,12/14/2021,High School,5/17/2014,10/19/1995,592.5,600,0.9875,94.5,no
10323,PTF,N,White,F,3/27/2018,GED,4/1/2007,3/12/1974,134.25,150,0.895,87,no
10576,MC-FT 600,Y,White,F,3/16/2020,High School,6/4/2016,6/24/1998,481.75,600,0.8029,87.5,no
10685,MC-FT 600,Y,Black or African American,M,9/16/2020,High School,6/1/2006,12/29/1988,580,600,0.9667,88,no
10363,PTF,Y,White,F,6/21/2018,High School,5/1/2001,4/30/1983,143,150,0.9533,98,no
10502,MC-FT 600,Y,Hispanic/Latino,M,9/13/2019,High School,12/20/2002,9/1/1985,535,600,0.8917,80.5,no
10774,PTF,N,Non-Resident Alien,M,12/16/2020,High School,6/23/2015,4/28/1997,149.5,150,0.9967,80,yes
10550,PTF,Y,White,M,9/19/2019,High School,5/1/2001,2/28/1983,126,150,0.84,93,no
10918,MC-FT 600,N,White,M,9/15/2021,GED,8/1/2008,11/11/1988,485.25,600,0.8088,84.5,no
10522,PTF,Y,Black or African American,M,9/19/2019,High School,6/1/2005,9/2/1987,144.5,150,0.9633,85,no
10549,PTF,Y,White,F,9/19/2019,High School,6/26/2006,7/4/1988,149,150,0.9933,93,no
10743,MC-FT 600,Y,Black or African American,M,3/17/2021,High School,6/1/2009,12/5/1991,484,600,0.8067,85,yes
10607,MC-FT 600,N,Hispanic/Latino,M,3/12/2020,High School,7/1/2010,3/1/1992,587,600,0.9783,93.5,no
10704,MC-FT 600,Y,Asian,F,12/20/2020,High School,6/1/2015,10/19/1996,534.25,600,0.8904,74,no
10904,PTF,Y,Hispanic/Latino,F,6/24/2021,High School,6/1/2020,8/9/2002,135.25,150,0.9017,83,yes
10466,PTF,Y,Hispanic/Latino,M,3/21/2019,GED,6/1/2003,3/17/1986,124.5,150,0.83,70,yes
10506,PTF,Y,White,M,6/20/2019,High School,5/22/2009,6/28/1990,145.25,150,0.9683,96,no
11090,MC-FT 600,N,White,F,3/23/2022,High School,6/26/2021,7/7/2004,552.75,600,0.9213,93.5,no
10836,PTF,N,Hispanic/Latino,M,4/1/2021,GED,5/15/2019,10/2/1992,129.25,150,0.8617,70,yes
10519,MC-FT 600,N,White,M,3/12/2020,High School,6/1/2013,9/10/1995,530.5,600,0.8842,96,no
10306,PTF,Y,White,M,12/20/2017,High School,6/4/2015,8/17/1996,129.75,150,0.865,95,no
10540,PTF,Y,Hispanic/Latino,F,9/19/2019,High School,,6/17/1997,145,150,0.9667,84,no
10711,MC-FT 600,N,Hispanic/Latino,M,12/10/2020,High School,6/1/2006,5/16/1987,555.25,600,0.9254,74.5,yes
10633,PTF,Y,Hispanic/Latino,M,6/24/2021,High School,5/1/2011,9/17/1993,123.75,153.5,0.8062,36,no
10810,PTF,N,Black or African American,M,3/29/2021,GED,7/1/2016,9/27/1992,143,150,0.9533,91,no
10488,MC-FT 600,Y,Hispanic/Latino,M,9/13/2019,GED,7/1/2010,7/11/1987,600,600,1,96,no
10840,MC-FT 600,Y,Hispanic/Latino,M,6/15/2021,High School,6/1/2007,3/10/1989,578.25,600,0.9638,93,yes
10594,MC-FT 600,N,White,M,3/10/2020,High School,6/1/2019,7/8/2001,500.25,600,0.8338,91.5,no
10388,PTF,Y,Black or African American,F,9/20/2018,High School,5/1/2004,6/4/1986,142.75,150,0.9517,93,no
11044,PTF,Y,White,M,12/15/2021,High School,6/1/1987,5/5/1969,150,150,1,96,no
11002,PTF,N,Hispanic/Latino,M,9/23/2021,High School,5/28/2009,6/11/1990,148.75,150,0.9917,92,yes
10484,MC-FT 600,Y,Hispanic/Latino,M,9/13/2019,High School,7/16/2010,8/28/1992,566.75,600,0.9446,94.5,no
11000,PTF,N,Black or African American,M,9/23/2021,High School,6/6/2015,12/9/1996,142,150,0.9467,90,no
10581,PTF,Y,Asian,F,12/18/2019,High School,6/1/2013,12/10/1994,150,150,1,93,no
10620,MC-FT 600,N,Hispanic/Latino,M,6/30/2020,High School,6/1/2013,11/3/1994,508.25,600,0.8471,86,no
10386,PTF,Y,Hispanic/Latino,M,9/20/2018,High School,7/1/2016,10/12/1998,142.25,150,0.9483,96,yes
10608,PTF,Y,Hispanic/Latino,F,12/18/2019,High School,6/27/2015,8/29/1997,139,150,0.9267,97,no
10662,MC-FT 600,Y,Hispanic/Latino,M,9/16/2020,High School,8/1/2011,5/16/1992,493.25,600,0.8221,72.5,yes
10312,PTF,Y,White,M,12/20/2017,High School,6/1/2008,8/29/1989,141.75,150,0.945,86,no
10663,MC-FT 600,Y,White,M,9/16/2020,High School,6/1/1997,3/31/1979,596.5,600,0.9942,86,no
11158,PTF,Y,Hispanic/Latino,M,4/7/2022,High School,,3/23/1981,130,150,0.8667,78,no
10753,MC-FT 600,Y,Non-Resident Alien,M,3/17/2021,High School,6/27/2019,2/22/2002,600,600,1,78.5,no
10402,PTF,Y,Non-Resident Alien,M,9/20/2018,High School,3/1/2003,8/5/1986,146.25,150,0.975,98,no
10424,PTF,Y,Hispanic/Latino,F,12/19/2018,High School,6/1/2008,6/20/1990,138.25,149,0.9279,96,no
10468,MC-FT 600,N,Hispanic/Latino,F,6/12/2019,GED,4/1/2008,7/15/1987,501.5,600,0.8358,88,no
10858,PTF,Y,Hispanic/Latino,M,6/24/2021,High School,4/1/2013,1/1/1987,146,150,0.9733,90,yes
10664,MC-FT 600,Y,Black or African American,M,9/16/2020,High School,7/1/2002,11/12/1983,593,600,0.9883,83,no
11078,MC-FT 600,Y,Non-Resident Alien,F,3/23/2022,High School,6/1/2009,7/9/1991,599.75,600,0.9996,98.5,no
10634,PTF,Y,White,F,3/17/2020,High School,6/15/2015,7/8/1996,140,150,0.9333,94,yes
11084,PTF,N,White,M,12/15/2021,High School,6/1/2017,7/14/1999,135.25,150,0.9017,90,yes
10656,MC-FT 600,Y,Race and Ethnicity Unknown,M,9/16/2020,GED,3/13/1991,5/24/1971,556.75,600,0.9279,84,no
10395,PTF,Y,Non-Resident Alien,F,9/20/2018,High School,6/1/2009,2/20/1990,150,150,1,99,no
10720,MC-FT 600,N,Non-Resident Alien,F,12/10/2020,High School,6/1/2013,1/3/1996,590.5,600,0.9842,94,no
11028,MC-FT 600,Y,White,M,12/14/2021,High School,6/21/2008,5/21/1989,497.75,600,0.8296,81,no
10648,MC-FT 600,Y,Hispanic/Latino,M,6/30/2020,High School,6/1/2004,9/2/1986,577,600,0.9617,95,no
10639,PTF,N,Hispanic/Latino,F,3/27/2020,High School,7/1/2015,4/4/1997,135.5,150,0.9033,78,no
10591,MC-FT 600,Y,Hispanic/Latino,M,3/16/2020,High School,6/27/2012,3/30/1994,484.25,600,0.8071,90,no
10364,PTF,Y,Hispanic/Latino,F,6/21/2018,High School,6/1/2008,4/21/1990,129,150,0.86,90,no
10401,PTF,Y,White,M,9/20/2018,High School,6/1/2016,10/12/1997,134.5,150,0.8967,87,yes
10691,PTF,N,Hispanic/Latino,F,4/7/2022,High School,12/1/2012,1/29/1995,145.25,150,0.9683,91,no
10621,MC-FT 600,N,Black or African American,M,6/30/2020,GED,5/1/2019,4/22/2000,471.75,600,0.7863,77,no
10886,MC-FT 600,Y,Black or African American,M,9/15/2021,High School,6/1/2004,4/8/1986,595.5,600,0.9925,92,yes
10461,MC-FT 600,N,White,F,8/6/2019,GED,8/14/2018,9/14/1988,485.75,600,0.8096,81,no
11010,PTF,N,Hispanic/Latino,M,9/23/2021,High School,6/24/2019,2/12/2001,141.25,150,0.9417,84,yes
10517,PTF,Y,Hispanic/Latino,M,9/19/2019,High School,6/21/2012,3/25/1994,149.75,150,0.9983,88,no
10582,MC-FT 600,N,Hispanic/Latino,M,3/16/2020,High School,6/25/2015,1/7/1997,481.25,600,0.8021,91,no
11114,MC-FT 600,Y,Race and Ethnicity Unknown,F,3/23/2022,High School,1/1/2008,5/15/1989,576,600,0.96,90,no
10726,MC-FT 600,Y,Race and Ethnicity Unknown,M,12/10/2020,High School,6/1/2008,9/1/1990,539,600,0.8983,79.5,no
10670,MC-FT 600,Y,Black or African American,M,9/16/2020,High School,6/1/2007,6/1/1989,598,600,0.9967,94.5,no
10848,MC-FT 600,Y,Hispanic/Latino,F,6/15/2021,High School,6/1/2007,3/19/1989,557.25,600,0.9288,85,no
10555,MC-FT 600,Y,Hispanic/Latino,M,12/12/2019,High School,9/1/2014,12/28/1996,481,600,0.8017,81,no
10669,MC-FT 600,Y,Hispanic/Latino,F,9/16/2020,High School,9/1/2006,10/27/1988,487.5,600,0.8125,90,no
10920,PTF,Y,Hispanic/Latino,F,6/24/2021,High School,11/1/2009,10/13/1993,150,150,1,88,no
10443,MC-FT 600,Y,Hispanic/Latino,M,6/12/2019,GED,8/1/2012,8/25/1990,484.75,600,0.8079,81.5,no
10528,PTF,Y,Asian,M,9/19/2019,GED,7/19/2012,2/6/1992,149.75,150,0.9983,95,no
10526,PTF,N,White,M,9/19/2019,High School,6/1/2013,1/3/1995,146.5,150,0.9767,95,no
10575,PTF,Y,Hispanic/Latino,F,12/18/2019,High School,12/1/2006,4/10/1989,143.5,150,0.9567,96,no
10673,MC-FT 600,Y,Hispanic/Latino,M,9/16/2020,High School,2/2/2012,7/17/1992,575.5,600,0.9592,93.5,no
10597,PTF,Y,White,F,12/18/2019,High School,6/1/2002,4/19/1983,143,150,0.9533,97,no
10676,PTF,Y,White,M,7/2/2020,High School,6/1/2013,9/10/1993,149,150,0.9933,76,no
10440,PTF,Y,Race and Ethnicity Unknown,F,12/19/2018,High School,5/1/2007,10/25/1988,124.25,138.5,0.8971,94,no
10547,MC-FT 600,N,Black or African American,M,12/12/2019,High School,7/27/2010,12/31/1990,599,600,0.9983,93.5,no
10622,MC-FT 600,N,Hispanic/Latino,F,6/30/2020,High School,6/13/2010,3/31/1990,573,600,0.955,90.5,no
11066,MC-FT 600,N,Black or African American,M,3/23/2022,High School,6/2/2017,10/12/1997,516,600,0.86,81,no
10751,MC-FT 600,Y,Black or African American,M,3/17/2021,High School,6/25/1999,3/16/1980,567.25,600,0.9454,86,yes
10562,MC-FT 600,Y,Black or African American,M,12/12/2019,High School,1/1/2009,2/2/1990,481,600,0.8017,84.5,no
10735,PTF,Y,White,M,12/16/2020,High School,5/31/2012,11/2/1993,140,150,0.9333,78,yes
10800,MC-FT 600,Y,Hispanic/Latino,M,6/15/2021,High School,6/1/2004,4/22/1986,532,600,0.8867,91,no
10882,MC-FT 600,Y,Hispanic/Latino,M,9/15/2021,GED,6/1/2009,10/23/1984,501,600,0.835,86,no
10474,PTF,Y,Hispanic/Latino,F,3/26/2019,High School,6/1/1999,6/14/1981,146,150,0.9733,89,no
10678,PTF,Y,Hispanic/Latino,M,7/2/2020,High School,6/1/2004,10/31/1985,149.75,150,0.9983,90,no
11098,MC-FT 600,Y,White,M,3/23/2022,High School,6/1/2017,5/13/1998,566.5,600,0.9442,96.5,no
10498,MC-FT 600,Y,White,F,9/13/2019,High School,6/1/2014,4/2/1996,600,600,1,97,no
10604,PTF,Y,Hispanic/Latino,M,12/18/2019,High School,6/1/2017,11/30/1998,137.5,150,0.9167,97,no
11042,PTF,Y,Black or African American,M,12/15/2021,High School,6/23/1995,11/7/1977,149.25,150,0.995,93,yes
10666,MC-FT 600,Y,Hispanic/Latino,M,9/16/2020,High School,6/1/2013,7/16/1995,590.75,600,0.9846,94,no
10578,MC-FT 600,Y,Black or African American,M,3/13/2020,High School,12/7/2012,8/13/1993,489,600,0.815,90,no
10773,MC-FT 600,Y,Non-Resident Alien,F,3/17/2021,High School,6/1/2015,3/5/1993,594,600,0.99,97.5,no
10457,MC-FT 600,Y,Asian,F,6/12/2019,High School,6/26/1996,11/7/1977,531.25,600,0.8854,88,no
10309,PTF,N,Black or African American,M,12/20/2017,High School,7/1/2016,7/24/1997,138.75,150,0.925,89,no
10542,MC-FT 600,Y,Black or African American,M,3/16/2020,High School,7/21/2008,11/29/1988,482,600,0.8033,84,yes
10792,PTF,Y,Black or African American,F,3/29/2021,High School,6/28/2011,12/19/1989,146.5,150,0.9767,80,yes
10729,PTF,Y,Black or African American,F,12/16/2020,High School,6/1/1982,7/10/1963,143,150,0.9533,88,no
10824,MC-FT 600,Y,White,F,6/15/2021,High School,5/1/2008,12/17/1990,592,600,0.9867,97,no
10623,MC-FT 600,N,Black or African American,M,6/30/2020,High School,1/31/2019,11/8/1999,475,600,0.7917,77.5,no
11082,PTF,N,Hispanic/Latino,F,12/15/2021,High School,6/22/2017,3/20/1998,150,150,1,81,no
10305,PTF,Y,Black or African American,M,12/20/2017,High School,6/1/2005,3/10/1987,144.75,150,0.965,94,no
10308,PTF,Y,White,M,3/27/2018,High School,5/1/2002,11/27/1983,146.5,150,0.9767,97,no
10447,MC-FT 600,N,Black or African American,M,6/12/2019,High School,6/1/2010,4/22/1992,536.25,600,0.8938,88.5,yes
10464,PTF,N,White,M,3/26/2019,High School,6/30/2014,12/16/1996,146.5,150,0.9767,80,no
10700,PTF,Y,Black or African American,M,9/17/2020,High School,6/23/1991,3/24/1971,146.75,150,0.9783,86,yes
10592,MC-FT 600,Y,Two or more races,M,3/12/2020,High School,6/27/2014,4/8/1996,534.75,600,0.8913,89.5,no
10303,PTF,Y,Black or African American,F,12/20/2017,High School,6/26/2002,9/3/1984,149.5,150,0.9967,90,no
10516,PTF,Y,White,F,6/20/2019,High School,5/1/2009,4/21/1991,141.75,150,0.945,95,no
10499,PTF,Y,White,M,6/20/2019,High School,9/25/1991,7/10/1973,139.5,150,0.93,87,no
10470,MC-FT 600,N,Asian,M,6/12/2019,High School,9/1/2008,5/1/1990,521,600,0.8683,93.5,no
10984,MC-FT 600,Y,Hispanic/Latino,M,12/14/2021,High School,6/26/2012,4/26/1994,563,600,0.9383,92.5,no
10954,MC-FT 600,Y,Hispanic/Latino,M,9/15/2021,High School,6/1/2007,1/20/1988,523,600,0.8717,82.5,no
10600,PTF,Y,White,F,12/18/2019,High School,6/1/2008,7/17/1990,140,150,0.9333,97,no
11122,PTF,Y,Black or African American,M,12/15/2021,High School,6/1/2006,7/12/1988,139.25,150,0.9283,91,no
10643,MC-FT 600,Y,White,F,6/30/2020,High School,5/30/2015,11/3/1998,558.5,600,0.9308,94.5,no
11050,MC-FT 600,Y,Asian,M,3/23/2022,High School,6/1/1983,12/20/1964,594,600,0.99,97.5,no
10964,MC-FT 600,Y,Two or more races,M,12/14/2021,High School,6/21/2013,2/7/1995,591,600,0.985,96,no
10894,MC-FT 600,Y,Hispanic/Latino,M,9/15/2021,High School,6/1/2019,4/11/2001,567.5,600,0.9458,90.5,no
10671,MC-FT 600,Y,Asian,M,9/16/2020,High School,6/1/2015,9/11/1997,517.25,600,0.8621,81.5,no
10493,PTF,Y,Hispanic/Latino,F,6/28/2019,High School,3/1/1978,5/5/1958,150,150,1,81,no
10508,PTF,Y,White,F,6/20/2019,High School,6/1/1999,1/29/1982,149.75,150,0.9983,96,no
10494,PTF,Y,Hispanic/Latino,M,6/20/2019,High School,6/22/1998,7/7/1979,132,150,0.88,93,no
10534,MC-FT 600,N,Asian,M,12/12/2019,GED,6/26/2019,7/18/1986,525.75,600,0.8763,89.5,no
10796,PTF,Y,Black or African American,M,3/29/2021,GED,11/1/2015,12/23/1984,148,150,0.9867,87,yes
11144,PTF,Y,Hispanic/Latino,M,4/7/2022,High School,6/18/2008,9/9/1990,145,150,0.9667,85,no
10467,MC-FT 600,Y,Hispanic/Latino,F,6/12/2019,High School,6/30/2016,10/5/1998,491.5,600,0.8192,83,no
10738,MC-FT 600,Y,Hispanic/Latino,F,3/17/2021,High School,5/25/2010,10/2/1992,595.75,600,0.9929,95,no
10701,PTF,N,Hispanic/Latino,M,9/17/2020,High School,6/1/2009,10/25/1991,149.75,150,0.9983,92,no
10350,PTF,Y,Hispanic/Latino,F,6/21/2018,High School,6/3/2011,3/4/1993,150,150,1,96,no
11116,PTF,Y,Hispanic/Latino,M,12/15/2021,High School,8/1/2015,6/26/1996,141,150,0.94,91,yes
10786,PTF,Y,Hispanic/Latino,M,3/29/2021,High School,6/19/2014,3/2/1995,150,150,1,92,no
10641,PTF,Y,Hispanic/Latino,M,3/17/2020,GED,9/1/1996,9/8/1975,138.25,150,0.9217,93,no
11102,MC-FT 600,N,Hispanic/Latino,M,3/23/2022,High School,6/1/2016,5/13/1997,557.75,600,0.9296,81,no
10455,PTF,Y,Hispanic/Latino,M,3/26/2019,High School,6/29/1999,5/13/1981,146.5,150,0.9767,87,no
10524,MC-FT 600,Y,Hispanic/Latino,M,12/12/2019,High School,1/1/2012,7/8/1994,582,600,0.97,97.5,no
10462,MC-FT 600,Y,Hispanic/Latino,F,7/30/2019,GED,2/1/2001,9/3/1975,485.75,600,0.8096,79,no
10362,PTF,Y,Hispanic/Latino,M,6/21/2018,GED,1/1/2008,4/24/1963,148,150,0.9867,92,no
10602,PTF,Y,White,M,12/23/2019,High School,6/1/2007,12/18/1989,128.25,150,0.855,80,no
10771,PTF,Y,White,F,12/16/2020,High School,6/1/1979,5/13/1961,148.25,150,0.9883,91,no
11012,PTF,Y,Black or African American,M,9/23/2021,High School,1/1/2004,8/1/1985,145.75,150,0.9717,87,yes
10624,MC-FT 600,Y,Asian,F,6/30/2020,High School,3/1/2007,1/21/1989,581.5,600,0.9692,92.5,no
10642,MC-FT 600,Y,White,M,6/30/2020,GED,10/16/1996,1/5/1978,567.5,600,0.9458,92.5,no
10914,MC-FT 600,Y,Race and Ethnicity Unknown,M,9/15/2021,High School,8/1/2011,12/8/1993,580,600,0.9667,83,no
10952,PTF,N,Asian,M,6/24/2021,High School,3/3/2011,10/1/1992,149.25,150,0.995,98,no
11004,PTF,Y,White,M,9/23/2021,High School,6/1/2015,3/5/1997,144.75,150,0.965,98,no
10668,MC-FT 600,Y,Hispanic/Latino,M,9/16/2020,High School,6/27/2012,2/5/1994,570,600,0.95,89.5,no
10674,MC-FT 600,N,Black or African American,M,9/16/2020,High School,6/1/1977,3/19/1959,540,600,0.9,84,yes
10557,MC-FT 600,Y,White,M,12/12/2019,High School,5/1/1989,7/17/1971,549.25,600,0.9154,96.5,no
10683,PTF,Y,Black or African American,M,7/2/2020,High School,6/1/2007,3/17/1989,137.25,150,0.915,79,yes
10530,MC-FT 600,Y,White,M,12/12/2019,High School,10/1/2010,10/10/1992,587,600,0.9783,96.5,no
10492,PTF,N,Hispanic/Latino,M,6/20/2019,GED,3/1/2019,8/8/1994,144.75,150,0.965,90,no
10590,MC-FT 600,Y,Black or African American,M,3/16/2020,High School,5/27/2016,1/8/1998,483.5,600,0.8058,90.5,no
10511,MC-FT 600,Y,Hispanic/Latino,F,9/13/2019,High School,1/1/1994,2/22/1976,536,600,0.8933,88,no
11046,PTF,N,Black or African American,M,12/21/2021,High School,5/11/2007,8/1/1998,143,150,0.9533,82,yes
10491,PTF,N,White,M,6/20/2019,High School,6/1/2012,4/20/1993,136,150,0.9067,91,no
11038,PTF,N,Black or African American,M,12/15/2021,High School,6/1/2009,11/11/1991,146.25,150,0.975,91,no
11036,MC-FT 600,Y,Non-Resident Alien,F,3/23/2022,High School,7/1/2009,11/6/1989,526.75,600,0.8779,84,no
10712,MC-FT 600,Y,White,M,12/10/2020,GED,7/3/1998,10/30/1979,565,600,0.9417,79.5,no
10731,PTF,Y,Black or African American,F,12/16/2020,College,2/1/2009,9/22/1985,141.25,150,0.9417,82,yes
10329,PTF,Y,Hispanic/Latino,M,3/27/2018,GED,11/1/1996,12/20/1976,135.25,150,0.9017,95,no
10820,MC-FT 600,Y,Black or African American,F,6/15/2021,High School,5/24/2010,1/17/1992,585.5,600,0.9758,94.5,yes
10645,MC-FT 600,N,Hispanic/Latino,M,6/30/2020,High School,6/30/2019,9/5/2001,591,600,0.985,97.5,no
10818,PTF,N,White,F,3/29/2021,High School,6/17/2016,5/27/1998,145.5,150,0.97,96,no
10452,MC-FT 600,Y,Hispanic/Latino,F,6/12/2019,High School,6/1/2006,4/21/1988,556.5,600,0.9275,89.5,no
10481,PTF,N,Race and Ethnicity Unknown,F,6/20/2019,High School,12/1/2010,4/16/1992,139.25,150,0.9283,88,no
10521,MC-FT 600,Y,White,M,12/12/2019,High School,6/1/2005,4/15/1987,538.75,600,0.8979,94.5,yes
10822,MC-FT 600,Y,Black or African American,M,6/15/2021,High School,6/1/2011,9/10/1992,539,600,0.8983,77,no
